{
	"format_version": "1.8.0",
	"animations": {
		"animation.void_spider.attack": {
			"loop": false
		},
		"animation.void_spider.walk": {
			"loop": true,
			"animation_length": 0.33333,
			"override_previous_animation": true,
			"bones": {
				"head": {
					"rotation": {
						"0.0": {
							"vector": [-2.5, 0, 0]
						},
						"0.0833": {
							"vector": [-10, 0, 0]
						},
						"0.1667": {
							"vector": [-2.5, 0, 0]
						},
						"0.25": {
							"vector": [-10, 0, 0]
						},
						"0.3333": {
							"vector": [-2.5, 0, 0]
						}
					}
				},
				"neck": {
					"rotation": {
						"0.0": {
							"vector": [2.5, 0, 0]
						},
						"0.0833": {
							"vector": [2.52154, -7.49282, -0.32902]
						},
						"0.1667": {
							"vector": [2.5, 0, 0]
						},
						"0.25": {
							"vector": [2.52154, 7.49282, 0.32902]
						},
						"0.3333": {
							"vector": [2.5, 0, 0]
						}
					}
				},
				"body": {
					"rotation": {
						"0.0": {
							"vector": [-5, 0, 0]
						},
						"0.0833": {
							"vector": [-22.5, 0, 0]
						},
						"0.1667": {
							"vector": [0, 0, 0]
						},
						"0.25": {
							"vector": [-20, 0, 0]
						},
						"0.3333": {
							"vector": [-5, 0, 0]
						}
					}
				},
				"custom2": {
					"rotation": {
						"0.0": {
							"vector": [-1.21456, -14.71959, 3.1673]
						},
						"0.0417": {
							"vector": [31.28544, -14.71959, 3.1673]
						},
						"0.0833": {
							"vector": [1.28544, -14.71959, 3.1673]
						},
						"0.125": {
							"vector": [-31.21456, -14.71959, 3.1673]
						},
						"0.1667": {
							"vector": [11.28544, -14.71959, 3.1673]
						},
						"0.2083": {
							"vector": [31.28544, -14.71959, 3.1673]
						},
						"0.25": {
							"vector": [1.28544, -14.71959, 3.1673]
						},
						"0.2917": {
							"vector": [-31.21456, -14.71959, 3.1673]
						},
						"0.3333": {
							"vector": [1.28544, -14.71959, 3.1673]
						}
					},
					"position": {
						"vector": [2, 0.8, 4]
					}
				},
				"custom3": {
					"rotation": {
						"0.0": {
							"vector": [2.5, 0, 0]
						},
						"0.0417": {
							"vector": [32.5, 0, 0]
						},
						"0.0833": {
							"vector": [2.5, 0, 0]
						},
						"0.125": {
							"vector": [-32.5, 0, 0]
						},
						"0.1667": {
							"vector": [2.5, 0, 0]
						},
						"0.2083": {
							"vector": [32.5, 0, 0]
						},
						"0.25": {
							"vector": [2.5, 0, 0]
						},
						"0.2917": {
							"vector": [-32.5, 0, 0]
						},
						"0.3333": {
							"vector": [2.5, 0, 0]
						}
					},
					"position": {
						"vector": [-4, 1.8, -1]
					}
				},
				"custom4": {
					"rotation": {
						"0.0": {
							"vector": [-2.5, 0, 0]
						},
						"0.0417": {
							"vector": [25, 0, 0]
						},
						"0.0833": {
							"vector": [-2.5, 0, 0]
						},
						"0.125": {
							"vector": [-25, 0, 0]
						},
						"0.1667": {
							"vector": [-2.5, 0, 0]
						},
						"0.2083": {
							"vector": [25, 0, 0]
						},
						"0.25": {
							"vector": [-2.5, 0, 0]
						},
						"0.2917": {
							"vector": [-25, 0, 0]
						},
						"0.3333": {
							"vector": [-2.5, 0, 0]
						}
					},
					"position": {
						"vector": [0, 0, 3]
					}
				},
				"custom5": {
					"rotation": {
						"0.0": {
							"vector": [-2.5, 0, 0]
						},
						"0.0417": {
							"vector": [25, 0, 0]
						},
						"0.0833": {
							"vector": [-2.5, 0, 0]
						},
						"0.125": {
							"vector": [-25, 0, 0]
						},
						"0.1667": {
							"vector": [-2.5, 0, 0]
						},
						"0.2083": {
							"vector": [25, 0, 0]
						},
						"0.25": {
							"vector": [-2.5, 0, 0]
						},
						"0.2917": {
							"vector": [-25, 0, 0]
						},
						"0.3333": {
							"vector": [-2.5, 0, 0]
						}
					},
					"position": {
						"0.0": {
							"vector": [-3, 0, 3]
						},
						"0.0417": {
							"vector": [-1, 0, 1.5]
						},
						"0.0833": {
							"vector": [-3, 0, 3]
						}
					}
				},
				"custom6": {
					"rotation": {
						"0.0": {
							"vector": [-2.5, 0, 0]
						},
						"0.0417": {
							"vector": [-25, 0, 0]
						},
						"0.0833": {
							"vector": [-2.5, 0, 0]
						},
						"0.125": {
							"vector": [25, 0, 0]
						},
						"0.1667": {
							"vector": [-2.5, 0, 0]
						},
						"0.2083": {
							"vector": [-25, 0, 0]
						},
						"0.25": {
							"vector": [-2.5, 0, 0]
						},
						"0.2917": {
							"vector": [25, 0, 0]
						},
						"0.3333": {
							"vector": [-2.5, 0, 0]
						}
					}
				},
				"custom7": {
					"rotation": {
						"0.0": {
							"vector": [-2.5, 0, 0]
						},
						"0.0417": {
							"vector": [-25, 0, 0]
						},
						"0.0833": {
							"vector": [-2.5, 0, 0]
						},
						"0.125": {
							"vector": [25, 0, 0]
						},
						"0.1667": {
							"vector": [-2.5, 0, 0]
						},
						"0.2083": {
							"vector": [-25, 0, 0]
						},
						"0.25": {
							"vector": [-2.5, 0, 0]
						},
						"0.2917": {
							"vector": [25, 0, 0]
						},
						"0.3333": {
							"vector": [-2.5, 0, 0]
						}
					}
				},
				"custom8": {
					"rotation": {
						"0.0": {
							"vector": [-30, 0, 0]
						},
						"0.0417": {
							"vector": [-60, 0, 0]
						},
						"0.0833": {
							"vector": [-35, 0, 0]
						},
						"0.125": {
							"vector": [0, 0, 0]
						},
						"0.1667": {
							"vector": [-30, 0, 0]
						},
						"0.2083": {
							"vector": [-60, 0, 0]
						},
						"0.25": {
							"vector": [-30, 0, 0]
						},
						"0.2917": {
							"vector": [0, 0, 0]
						},
						"0.3333": {
							"vector": [-30, 0, 0]
						}
					},
					"position": {
						"vector": [1, 1, 4]
					}
				},
				"custom9": {
					"rotation": {
						"0.0": {
							"vector": [-30, 0, 0]
						},
						"0.0417": {
							"vector": [-60, 0, 0]
						},
						"0.0833": {
							"vector": [-30, 0, 0]
						},
						"0.125": {
							"vector": [0, 0, 0]
						},
						"0.1667": {
							"vector": [-30, 0, 0]
						},
						"0.2083": {
							"vector": [-60, 0, 0]
						},
						"0.25": {
							"vector": [-30, 0, 0]
						},
						"0.2917": {
							"vector": [0, 0, 0]
						},
						"0.3333": {
							"vector": [-30, 0, 0]
						}
					},
					"position": {
						"vector": [-2, 1, 8]
					}
				},
				"bone26": {
					"rotation": {
						"vector": [0, 15, -30]
					},
					"position": {
						"vector": [-2, 0, -1]
					}
				},
				"bone23": {
					"rotation": {
						"vector": [0, -15, 30]
					},
					"position": {
						"vector": [2.8, 0.2, -1]
					}
				},
				"bone8": {
					"rotation": {
						"vector": [0, 0, -17.5]
					},
					"position": {
						"vector": [-2, 1, 0]
					}
				},
				"bone5": {
					"rotation": {
						"vector": [0, 0, 17.5]
					},
					"position": {
						"vector": [2, 2.5, 0]
					}
				},
				"head2": {
					"position": {
						"0.0": {
							"vector": [0, 1, 0]
						},
						"0.0833": {
							"vector": [0, 0, 0]
						},
						"0.1667": {
							"vector": [0, 1, 0]
						},
						"0.25": {
							"vector": [0, 0, 0]
						},
						"0.3333": {
							"vector": [0, 1, 0]
						}
					}
				},
				"head3": {
					"position": {
						"0.0": {
							"vector": [0, 1, 0]
						},
						"0.0833": {
							"vector": [0, 0, 0]
						},
						"0.1667": {
							"vector": [0, 1, 0]
						},
						"0.25": {
							"vector": [0, 0, 0]
						},
						"0.3333": {
							"vector": [0, 1, 0]
						}
					}
				},
				"bone": {
					"rotation": {
						"vector": [-2.5, 0, 0]
					},
					"position": {
						"0.0": {
							"vector": [0, -1, 0]
						},
						"0.0833": {
							"vector": [0, 0, 0]
						},
						"0.1667": {
							"vector": [0, -1, 0]
						},
						"0.25": {
							"vector": [0, 0, 0]
						},
						"0.3333": {
							"vector": [0, -1, 0]
						}
					}
				},
				"bone2": {
					"rotation": {
						"vector": [-2.5, 0, 0]
					},
					"position": {
						"0.0": {
							"vector": [0, -1, 0]
						},
						"0.0833": {
							"vector": [0, 0, 0]
						},